time,question,answer,context
2026-09-02 12:29,WorkBuddy 是什么产品？,"WorkBuddy 是腾讯推出的 AI 办公智能体平台，专为企业和个人打造，覆盖文档、表格、幻灯片、会议等高频办公场景。它能帮你智能写作、自动生成PPT、用自然语言处理表格、一键生成会议纪要，还能基于企业知识库打造专属AI助手。

对中大型企业特别友好：支持私有化部署（数据不出内网）、通过等保三级认证、兼容企业微信和腾讯会议，也支持与OA等系统集成。简单说，就是让AI真正“懂业务、守规矩、提效率”的办公搭档。","【产品概述】WorkBuddy 是腾讯推出的 AI 办公智能体平台，面向企业和个人提供文档、表格、幻灯片、会议等场景的 AI 辅助能力。企业版支持私有化部署。
【AI 文档】支持智能写作、续写、润色、翻译、摘要生成，可以基于企业模板生成标准格式文档。
【AI 表格】支持自然语言生成公式、数据清洗、智能分析，可以自动生成图表和报表。
【AI 幻灯片】输入主题即可一键生成完整 PPT，支持企业品牌模板"
2026-09-02 12:29,那数据安全怎么样？,"数据安全是 WorkBuddy 的核心设计原则之一，尤其针对中大型企业对合规和隐私的高要求：

✅ 通过国家等保三级认证  
✅ 支持国密算法（SM2/SM4）加密传输与存储  
✅ 私有化部署时，所有数据完全留在企业内网，不出本地环境  
✅ 管理员可精细化配置角色权限、操作审计日志，全程可追溯  

简单说：你用公有云版，我们按最高安全标准护航；你选私有化部署，数据就真正在你自己的服务器上，连模型推理都在内网完成。","【产品概述】WorkBuddy 是腾讯推出的 AI 办公智能体平台，面向企业和个人提供文档、表格、幻灯片、会议等场景的 AI 辅助能力。企业版支持私有化部署。
【AI 文档】支持智能写作、续写、润色、翻译、摘要生成，可以基于企业模板生成标准格式文档。
【AI 表格】支持自然语言生成公式、数据清洗、智能分析，可以自动生成图表和报表。
【AI 幻灯片】输入主题即可一键生成完整 PPT，支持企业品牌模板"
2026-09-02 12:29,支持私有化部署吗？,"支持，WorkBuddy 企业版明确支持私有化部署——可完整部署在企业内网环境，所有数据（包括文档、知识库、对话记录等）均不出企业本地，满足高安全、强合规场景需求。  

同时配套提供：  
🔹 国密算法（SM2/SM4）加密保障  
🔹 等保三级认证合规能力  
🔹 管理员权限管控与操作审计日志  

如需推进，我们可以安排技术团队为您评估现有IT环境并输出部署方案。","【产品概述】WorkBuddy 是腾讯推出的 AI 办公智能体平台，面向企业和个人提供文档、表格、幻灯片、会议等场景的 AI 辅助能力。企业版支持私有化部署。
【AI 文档】支持智能写作、续写、润色、翻译、摘要生成，可以基于企业模板生成标准格式文档。
【AI 表格】支持自然语言生成公式、数据清洗、智能分析，可以自动生成图表和报表。
【AI 幻灯片】输入主题即可一键生成完整 PPT，支持企业品牌模板"
2026-09-02 12:29,企业版多少钱？,"企业版采用「按人数 + 功能模块」的定制化报价模式，私有化部署还需结合您的服务器环境、知识库规模、集成需求等单独评估。因此没有统一标价。

不过我们可以快速为您：
✅ 提供初步报价区间（基于行业常见配置）  
✅ 安排客户成功经理1对1梳理需求  
✅ 免费提供POC（概念验证），试用核心功能  

如果您方便透露下：  
- 企业规模（如员工数/需开通账号数）  
- 主要想解决哪些场景？（比如文档标准化？会议提效？知识库问答？）  
- 是否已有私有云或信创环境要求？

我马上帮您拉通资源，给一份更精准的方案建议 👇","【产品概述】WorkBuddy 是腾讯推出的 AI 办公智能体平台，面向企业和个人提供文档、表格、幻灯片、会议等场景的 AI 辅助能力。企业版支持私有化部署。
【AI 文档】支持智能写作、续写、润色、翻译、摘要生成，可以基于企业模板生成标准格式文档。
【AI 表格】支持自然语言生成公式、数据清洗、智能分析，可以自动生成图表和报表。
【AI 幻灯片】输入主题即可一键生成完整 PPT，支持企业品牌模板"
2026-09-02 12:29,AI 能帮我做 PPT 吗？,"当然可以！WorkBuddy 的 **AI 幻灯片**功能，就是专为高效做 PPT 设计的：

✅ 输入一个主题（比如“Q3市场复盘与Q4策略”），它就能一键生成结构完整、逻辑清晰的PPT初稿；  
✅ 自动套用您企业的品牌模板（LOGO、配色、字体、版式），确保风格统一；  
✅ 支持逐页优化：改文案、调图表、换图示、补充数据备注，甚至转成演讲者备注模式；  
✅ 还能直接对接腾讯会议——会议结束后，自动把纪要提炼成汇报PPT。

简单说：你负责想清楚“讲什么”，它负责搞定“怎么美、怎么准、怎么快”。

需要的话，我可以马上给您演示一个真实场景的生成效果 👇","【产品概述】WorkBuddy 是腾讯推出的 AI 办公智能体平台，面向企业和个人提供文档、表格、幻灯片、会议等场景的 AI 辅助能力。企业版支持私有化部署。
【AI 文档】支持智能写作、续写、润色、翻译、摘要生成，可以基于企业模板生成标准格式文档。
【AI 表格】支持自然语言生成公式、数据清洗、智能分析，可以自动生成图表和报表。
【AI 幻灯片】输入主题即可一键生成完整 PPT，支持企业品牌模板"
